name,is_potentially_hazardous_asteroid,estimated_diameter.kilometers.estimated_diameter_min,estimated_diameter.kilometers.estimated_diameter_max,orbital_data.semi_major_axis,orbital_data.eccentricity,orbital_data.inclination,orbital_data.orbital_period,orbital_data.orbit_class.orbit_class_type,miss_distance_km,velocity_kph
(2025 YW2),False,0.0380149984,0.0850041206,.9801708329259807,.2281267579545609,4.393685332031852,354.4468241232213,ATE,13250314.38224283,24766.4812376596
(2025 YY2),False,0.0060000515,0.013416523,1.27709655795172,.3494182322765984,6.663799314047496,527.1497785891428,APO,2705621.571618384,37066.2725876497
(2025 YZ2),False,0.0175047123,0.0391417266,1.514565097872114,.4166252448292191,8.7089297210791,680.8169250641823,APO,3308250.994717827,38797.9083221576
(2025 VS31),False,0.1500911125,0.3356139303,2.29330612653213,.4552157406653091,5.468389236897196,1268.50292727998,AMO,272916056.57829684,6443.0386484087
(2025 WY29),False,0.0367413387,0.082156131,1.52936226190144,.3428974864822602,6.442507076469833,690.8185344853887,APO,17119912.145849574,16852.5715102225
(2025 WZ29),False,0.0447048844,0.0999631605,1.535515872461687,.2826081037100805,23.94655170754238,694.9921383744066,AMO,18019474.04277379,47098.4209790987
(2025 XV7),False,0.0499982699,0.1117995303,1.553012548425013,.2166950750630755,2.621779119865524,706.9047081434088,AMO,11728380.496677192,23583.2685188194
(2025 YA3),False,0.0141174083,0.0315674847,2.503655816488028,.7837008573119895,11.4745165987806,1446.972790691553,APO,848469.00335355,88656.5090005074
(2025 YB3),False,0.0390260841,0.087264977,2.428137741382596,.5733231697273374,3.952805758300769,1382.001154910302,AMO,17499890.27189618,30750.1699743707
(2025 YC3),False,0.0664591797,0.1486072436,.8533748116448003,.1748844754560822,23.6377037961344,287.9440818670547,ATE,24025289.67174605,52147.9588652496
(2025 YD3),False,0.0055456822,0.0124005223,1.180204491928406,.2419153757551061,10.55274921473861,468.3109599474874,APO,26468446.97149552,37187.5008261136
(2025 YE3),False,0.0169338215,0.0378651759,1.4649028895896,.3292157162373899,12.16245697726496,647.6072176673553,APO,14800729.60788629,29432.2642348058
(2025 YF3),False,0.0264700631,0.0591888605,1.663291014967234,.3878627564794701,9.040749571521784,783.5212672595396,AMO,5901793.408298388,25048.6994750181
(2025 YG3),False,0.028917116,0.064660637,1.586630879445742,.5665511477038278,1.246672638466356,729.9822169969975,APO,5960394.394567546,54143.4494764372
(2025 YH3),False,0.0076516479,0.0171096048,2.793503914482669,.6577288761149339,4.057945705578148,1705.384664315806,APO,297096433.83827937,39425.642888278
(2025 YJ3),False,0.0719374396,0.1608570052,1.507144453400343,.3756103124865824,29.56922541292169,675.8195429010653,APO,3979509.48786486,63225.0648781362
(2025 YK3),False,0.0770823553,0.1723613864,2.546657623215893,.7038045890563156,4.895159207242685,1484.411360116351,APO,9742963.223307116,59388.1917860768
(2025 YM3),False,0.0440712102,0.0985462219,1.371690994950023,.2184465865180117,21.89414731864462,586.7902082503442,AMO,6146518.170265468,36702.9945876031
(2025 YN3),False,0.0367582626,0.082193974,2.281866870622948,.6448487531053058,8.029715902580438,1259.023630708969,APO,9302420.534229096,59030.5529381256
(2025 YO3),False,0.012443856,0.0278253079,1.106980533110444,.1002166728331229,13.82640666194864,425.4106933017489,APO,7565090.953024126,26763.7070442082
(2025 YP3),False,0.0272995178,0.0610435776,2.482824382754131,.5804628015199296,4.479360082852955,1428.951305337876,AMO,13198854.540056845,23966.4382862756
(2025 YQ3),False,0.0033201291,0.0074240345,1.14061355627413,.2778977704160074,1.4599696305115,444.9448866926764,APO,820556.43437747,28750.2951811204
(2025 YR3),False,0.0019326579,0.0043215543,1.49468302033011,.3551423274365849,7.037725609659701,667.4551345000669,APO,427477.125267747,29022.6046082632
(2025 YS3),False,0.0106452282,0.0238034539,.9676192349815422,.3632932813455362,18.69535782877121,347.6603526243211,ATE,9815080.09289482,61792.0690595623
(2025 YT3),False,0.0638197321,0.1427052592,1.359512759463097,.1877832771352837,9.109192776031403,578.9930608149689,AMO,4510171.28021171,28018.2661100924
(2025 YV3),False,0.019840608,0.0443649482,1.257831371597521,.2894765020292395,16.55173173538919,515.2666809529759,APO,3477394.050830132,41589.244211989
(2025 YW3),False,0.037269621,0.0833374061,1.405353179859079,.3829670455083627,5.404682143134206,608.5225099012665,APO,,
(2025 YX3),False,0.0148373034,0.0331772189,1.3050294833177,.5677524714370992,7.38266344681659,544.5389028220195,APO,4967795.817035467,62373.9870514692
(2025 YY3),False,0.0239527277,0.0535599273,1.849147655037257,.5402825713539823,6.766318022173712,918.4506239263603,APO,6944514.527777162,47883.4900390292
(2025 XV8),False,0.0718712133,0.1607089186,1.503140693593232,.3460030728923163,19.09705168391231,673.1283397078139,APO,10862077.033653721,41528.3849745293
(2025 YA4),False,0.0295906821,0.0661667767,1.333317819202173,.4908776656787273,6.699137262577844,562.3399679744859,APO,4999572.244677268,56154.055559931
(2025 YB4),False,0.0043626963,0.0097552854,1.702638412516615,.5854960542214209,4.431093991825594,811.4879355578589,APO,27334810.48310401,78083.322174045
(2025 YC4),False,0.0166477282,0.0372254519,1.796450637624054,.5297925085037818,10.10843065238656,879.4706675827684,APO,2271477.647193661,47448.6998113426
(2025 YD4),False,0.0401749159,0.089833843,.9952662104585724,.2454058634780686,36.3160953811573,362.6663961835914,ATE,9669628.193223787,69355.8390927388
(2025 YE4),False,0.0145062439,0.0324369476,.8547845460646047,.275180153787383,26.50897123172302,288.65788125549,ATE,6603007.872607192,53790.6610218953
(2025 YF4),False,0.0161047867,0.0360113978,1.421571159798372,.3412375818287686,7.292235807551379,619.0864989896882,APO,9404776.12991266,36740.1407909756
(2025 YG4),False,0.0150298614,0.0336077919,1.365911493126549,.2427868181003355,11.56735600303629,583.0855324710906,AMO,7983434.529936893,24352.6812382533
(2025 YH4),False,0.0249548507,0.0558007426,1.942487726467422,.4594102744960222,5.542006301712965,988.8623730662982,AMO,12184680.43412082,20916.4514706974
(2025 YJ4),False,0.0454731434,0.1016810398,1.709651344783063,.3560196350271098,40.73400709411423,816.5067045635061,AMO,22544224.862119533,79130.9352236962
(2025 YK4),False,0.0175531465,0.0392500287,1.340023105783865,.3726671571758295,17.46981773365135,566.5873281618077,APO,29683622.12088312,44043.0894050476
(2025 YL4),False,0.0123240933,0.0275575103,1.111904562545588,.3243980966252968,3.189599552449233,428.2522913506042,APO,27901629.52711774,55538.6083828499
(2025 YM4),False,0.0218552096,0.0488697344,.9432698909465513,.2756775111631256,21.05534089630397,334.6203775791998,ATE,14284730.755485998,46057.2357707485
(2025 YN4),True,0.1455978549,0.325566701,1.997349215302517,.62609438489956,10.28151147985821,1031.049300174732,APO,21390427.683200646,40540.8182359774
(2025 YP4),False,0.0127807099,0.0285785361,1.526866788495512,.3435045333753655,8.996455540885663,689.1284026906609,APO,6323390.604245572,23359.9691758461
(2025 YQ4),False,0.0192555078,0.0430566244,.9736493407799227,.2740234146472534,2.858365862802302,350.9152871549303,ATE,4026691.578958196,32186.0265092818
(2025 YR4),False,0.0124955385,0.0279408735,1.878751962059946,.5297502684563835,7.05042828456248,940.5948522738057,APO,2737316.84241571,41357.5537430837
(2025 YS4),False,0.0215752073,0.0482436301,1.066283041692442,.4773877462446303,26.87480360932465,402.1676932784203,APO,8246988.367972375,75956.4751719856
(2025 YT4),False,0.0327608361,0.0732554565,1.85991684040553,.5856216604901981,12.15074197368823,926.4856923720519,APO,9666305.445013644,61554.6466445567
(2025 YV4),False,0.0392785075,0.0878294127,1.176767802887374,.2001125435120871,18.93917673982111,466.2669070695135,APO,24263795.171544045,46620.8101588752
(2025 YW4),False,0.0210646854,0.0471020684,1.026993031724517,.1617388313188396,10.26593150032256,380.1453409619344,APO,2283940.555984639,24465.6753373808
(2025 YX4),False,0.0781186945,0.1746787111,2.518246161147379,.8167777767230137,15.63872887700422,1459.639803281237,APO,12710544.533018049,90502.649729698
(2025 YY4),False,0.0262273841,0.0586462137,2.500396732265115,.7120038169333318,3.015276178913098,1444.148358224316,APO,3053132.75617484,67009.5753004451
(2025 YZ4),False,0.029157815,0.0651988565,.9436789045457414,.3159398704303502,7.281493518398062,334.8380445296982,ATE,9181099.78825458,40677.8198196082
(2025 YA5),False,0.0166094395,0.0371398358,1.249946410298518,.2015386740742315,18.7384763712588,510.4292074362502,APO,3772675.17360712,38096.9747500079
(2025 YB5),False,0.0142940395,0.0319624439,2.473388737297161,.6729277760087269,2.931169940266363,1420.813239050979,APO,4559741.776098531,58676.7192035227
(2025 YC5),False,0.3904406046,0.8730517331,2.665835932194838,.5384505118462585,10.01572318722931,1589.82218498725,AMO,132508391.7306677,16100.5062660702
(2025 YD5),False,0.0303637199,0.0678953418,1.385774689132271,.4685618664600658,22.11229054747468,595.850576726761,APO,11962381.185735453,59390.8814640125
(2025 YE5),False,0.0147351641,0.0329488286,1.561408461770219,.3511617782277585,15.94488607682219,712.6449628639094,APO,6976309.81971037,35824.59292084
(2025 YF5),False,0.0125995483,0.0281734465,1.12262763838738,.2007007419665451,2.963911559326491,434.4622249691027,APO,2834842.925182702,21801.1468060899
(2025 YG5),False,0.0706569646,0.157993776,1.195342152943663,.140897969179938,13.210346498,477.3498376456008,AMO,24306856.723946314,24326.9342045707
(2025 YH5),True,0.2909075392,0.6504890328,2.254963652994213,.5671312801509559,33.80554572659337,1236.82354993251,APO,13345934.348789431,74206.0533096511
(2025 YK5),False,0.1056221434,0.2361782927,2.301168217265441,.4588417148625438,47.14509948853737,1275.031685745826,AMO,,
(2025 YL5),False,0.1634387291,0.3654601085,1.449188430811876,.3434536754134764,28.91943717480582,637.2145947776733,APO,,
(2025 YM5),False,0.0378577655,0.0846525371,.7516710687984018,.4894244442586522,31.70852062247376,238.0346492571365,ATE,20482869.765165146,75342.6693337399
(2025 YN5),False,0.0121438104,0.0271543855,.9653699628535757,.1554733820896362,10.01468732732004,346.4488304181037,ATE,3491505.767505102,27091.5782460004
(2025 YQ5),False,0.0342416731,0.0765667087,2.050836405666709,.6640374107973621,3.001135100134386,1072.741184420863,APO,5465093.649144076,66149.1433552331
(2025 YR5),False,0.0353634784,0.0790751417,2.216357705291824,.6602466503737536,1.707425889275443,1205.197460173529,APO,2476877.108441083,58119.9605318729
(2025 YS5),False,0.0666430671,0.1490184284,1.084978817221208,.8254169789735328,22.64835998173873,412.7910911005645,APO,18046056.82132365,97865.986417862
(2025 YT5),False,0.0154580596,0.034565272,1.989883928353675,.500799647337444,15.69855305429546,1025.274234257206,APO,2429222.87151024,40359.6828173754
(2025 YU5),False,0.0103122867,0.023058974,.8592047029891287,.2245179058015312,11.05902021163392,290.899781593495,ATE,3997766.352080512,26604.8436876537
(2025 YV5),False,0.0263363131,0.0588897864,2.518892854192793,.5807113529902486,7.22856238912806,1460.202099090401,AMO,13870877.52319894,28596.1130776072
(2025 YX5),False,0.0297683646,0.0665640869,1.240676037289109,.1373710543645764,23.53615958744351,504.7612628519797,AMO,17290107.51825882,44486.2850871643
(2025 YA6),False,0.0944397822,0.2111737727,1.734643104864947,.2909416359293804,7.407488805415016,834.47557239614,AMO,,
(2025 YE6),False,0.0204906142,0.0458184063,1.184825767926756,.2498236088602719,29.41995959840809,471.0642684551679,APO,25915822.117462493,56890.0017016441
(2025 YF6),False,0.06597129,0.1475162891,1.303599791518667,.1716276474748485,28.91434634772343,543.6443143641551,AMO,22533475.596929405,54243.0632369603
(2025 YH6),False,0.0489728047,0.1095065203,1.893878125085314,.4902636053560527,7.741018849043314,951.9770279918738,APO,7820234.967280114,28600.4066599007
(2025 YJ6),False,0.0800857001,0.1790770695,2.480359097736196,.5986381776999363,14.69247302801116,1426.823548546557,APO,11190240.232010107,41963.3311607849
(2025 YK6),False,0.0173202827,0.0387293295,2.101621404205534,.6219634419359403,6.21032230979566,1112.833398431696,APO,14518130.435101533,25715.9105444557
(2025 YL6),False,0.0462972267,0.1035237461,1.371020071917277,.2141588879222233,10.61035951926315,586.3597436745297,AMO,18798353.318397757,22827.4913179892
(2025 YM6),False,0.0140590177,0.0314369192,.8803818504794665,.2488700372835858,8.585552312873096,301.7206592942846,ATE,23571027.975361597,30124.0201567648
(2025 YN6),False,0.0360541264,0.0806194774,1.612477356671296,.3018194220988608,11.50177248138151,747.8919591217973,AMO,21811897.511521313,23424.9262511584
(2025 YO6),False,0.0379974959,0.0849649838,1.442776356976822,.2959675384876527,12.16138170460255,632.9901502259471,APO,10830271.045472808,28831.8918128431
(2025 YQ6),False,0.0236023353,0.0527764263,1.517594522361576,.279595183860321,23.74751663450257,682.860595356296,AMO,26151527.354571108,46314.2843757979
(2025 YR6),False,0.026616747,0.0595168556,2.315271418623634,.6090325239444935,2.777303879927884,1286.771083195389,APO,6607329.351157243,39088.5542753537
(2025 WM37),False,0.0534508944,0.1195198333,1.30080102257357,.1471029847070026,8.004417650195107,541.8944853039372,AMO,29690523.11550558,14581.1441372703
(2025 YT6),False,0.0449526166,0.1005171066,1.527335330381341,.4360192707031734,19.64804623086305,689.4456310432937,APO,8210393.632294466,55663.581672932
(2025 YU6),False,0.0168249963,0.0376218354,1.227185554027492,.2248051090492525,1.432327172109956,496.5509056092745,APO,3387473.867849041,15327.2732479346
(2025 YV6),False,0.008656752,0.019357086,1.461372519528288,.3291817158389206,5.268942233445216,645.2675590577304,APO,29241013.260823593,39526.42256995
(2025 YM7),False,0.0747403241,0.1671244453,.9473354704703968,.4672840067934877,15.56334616231882,336.7860736439678,ATE,8762396.383585101,72944.4595551959
(2025 YN7),False,0.0138852907,0.0310484539,1.939644901625794,.4955930108346935,6.929222660135347,986.6923719142708,APO,2533757.599526945,29488.2677623959
(2025 YO7),False,0.0198588903,0.0444058287,2.623055073876133,.6064485564424863,10.22084802980102,1551.706361568008,AMO,203827510.6454429,18995.2741565279
(2025 YP7),False,0.1496769678,0.3346878747,1.818915663149628,.7438912804801656,51.70015638046954,896.0191075419727,APO,,
(2025 YQ7),False,0.0142349182,0.0318302448,.8810425576897085,.26776759679236,5.232711746939207,302.0603750870143,ATE,2256475.434237729,31983.0084252112
(2025 YR7),False,0.0173762068,0.0388543796,1.224412860313989,.2693155571923677,9.303494694865069,494.8690015118601,APO,13809006.43221009,34484.7538613577
(2025 YS7),False,0.0217547941,0.0486451984,2.085566204667142,.4919696297913195,7.8532043889826,1100.105657126987,AMO,13959647.40327824,25429.185898338
(2025 YT7),False,0.0668582457,0.1494995821,1.707489318741731,.6078350542300518,5.950313097822644,814.9583620813282,APO,16391260.983389162,69002.8297910046
(2025 YU7),False,0.0573528464,0.1282448632,1.269047293669965,.2294620959886096,15.20267691674436,522.1738726471167,APO,26105787.641260948,29382.9381785622
(2025 YV7),False,0.0116186315,0.0259800498,2.081683095261355,.5966477136450146,6.135220612117749,1097.034662614519,APO,1682129.657630901,48863.1103068719
(2025 YW7),False,0.0479242116,0.1071617948,2.591815600010132,.7107551041502335,3.339636787118239,1524.068812863781,APO,4539415.030874198,61532.2963757174
(2025 YX7),False,0.0573528464,0.1282448632,1.399594353042804,.4185305841641542,7.373621921635481,604.7859581538358,APO,18672784.666105654,23529.9993252622
(2025 YA8),False,0.0045035499,0.0100702437,2.068888825804452,.5466998781975424,5.357447626152023,1086.936462307995,APO,20479247.67161713,49607.504543345
(2025 YC8),False,0.0049791473,0.0111337119,2.036254472754875,.5438180847335182,6.698364115928871,1061.320379830092,APO,871602.623493119,35378.2168310745
(2025 YD8),False,0.0600005148,0.1341652298,1.324090871275272,.1750903558269591,6.984978305662288,556.5127439444445,AMO,23580894.897354677,9206.861130525
(2025 YK8),False,0.0211132445,0.0472106499,2.184039185236484,.5424882192771794,1.940463658792744,1178.932841386827,APO,4616540.122993976,25079.0414699558
(2025 YL8),False,0.0468548958,0.1047707321,2.79409297076959,.6256279419200355,3.560038546660943,1705.924105396486,AMO,13127364.73986082,29074.8098976486
(2025 YM8),False,0.1050884476,0.2349849125,2.522802387616773,.574485079355749,7.135718182897315,1463.602952423045,AMO,,
(2025 YN8),False,0.2438680899,0.5453056265,1.853493845249256,.6049635421590167,23.04270480420551,921.6905807654989,APO,4539193.042594905,70898.6222506429
(2025 YO8),False,0.0768696629,0.1718857917,2.292480796188498,.4639100667396283,5.412731673704024,1267.818212920625,AMO,,
(2025 YP8),False,0.107536272,0.2404584143,2.40134290119179,.4952828851177387,5.130017364864831,1359.188516484529,AMO,,
(2025 YQ8),False,0.1230141235,0.2750679424,1.926206206686828,.3375663317233135,28.35816616065546,976.4558097871931,AMO,,
(2025 YR8),False,0.0800857001,0.1790770695,2.443724266497002,.651127060988314,5.698554454547748,1395.329348614263,APO,22699157.646480113,41199.9892359642
(2025 YS8),False,0.0680072129,0.1520687509,2.464054406311798,.6371493905625463,5.003379954096668,1412.777813648056,APO,14151901.20601579,38518.9525133212
(2025 YT8),False,0.0584191154,0.1306291133,1.088549409592882,.2393832408643765,23.8885648598671,414.8304682758213,APO,25730126.40110979,53017.0368201709
(2025 YU8),False,0.083014695,0.1856265011,1.375579459390875,.1410938565736508,19.42250568353895,589.2871217155302,AMO,,
(2025 YV8),False,0.1416951472,0.3168399811,2.221176958102759,.5498770047406939,6.759369132148531,1209.130472027546,APO,,
(2025 YW8),False,0.0771178613,0.1724407801,1.277070435096971,.5169757257981846,24.12000062330318,527.1336044949542,APO,15820195.184961446,69881.2914194449
(2025 YX8),False,0.0356578355,0.079733344,2.392231265183862,.5272835754971498,2.698677177783449,1351.45991862195,AMO,27235792.10174462,20553.273457014
(2025 YY8),False,0.027948273,0.0624942383,1.709359049529381,.4205395203928436,3.318307097204866,816.2973190353291,APO,4732355.742151428,23727.20532036
(2025 YZ8),False,0.0385971268,0.0863057993,1.129249621109897,.2977124339131809,5.667392256840504,438.3119962868573,APO,10476196.86772137,14184.7157889114
(2025 YB9),False,0.0787689355,0.1761326944,1.780429313742014,.5063069755408629,6.678752102859473,867.7318350404523,APO,23584289.3627837,33555.6013239152
(2025 YF9),False,0.01879122,0.0420184453,1.190967768270462,.4125190662444539,41.25150912954867,474.7319257775923,APO,9935584.588011257,91622.2954554277
(2025 YG9),False,0.0062886146,0.0140617696,2.356276771730224,.5854459126183136,3.172808082874299,1321.106653597587,APO,260289325.41880968,15662.6508294784
(2025 YH9),False,0.0137137105,0.0306647889,1.19516031292825,.4110982910337361,1.2480289444452,477.2409173664979,APO,3821129.280429279,47337.0009260483
(2025 YJ9),False,0.0079132516,0.0176945686,1.27144077166101,.5102149469299428,2.674035739470088,523.6518326796166,APO,13961194.918444455,36200.7125021347
(2025 YK9),False,0.4344651807,0.971493678,3.061999356981704,.7081925419873304,15.02481501796032,1957.068692886178,APO,53586583.534919776,28884.6718510159
(2025 YM9),False,0.0048747795,0.0109003383,1.290771293455535,.2736311196235401,6.748393145521822,535.639226441698,APO,11173158.892897127,30930.6652954189
(2025 YP9),False,0.0897335763,0.2006503764,2.207744449268808,.5999393373922063,26.8657323671827,1198.178794605248,APO,15774714.605081702,65952.6985265663
(2025 YQ9),False,0.0421070656,0.0941542609,.9827640575200802,.1450273087356975,21.22649163384947,355.8543867775925,ATE,19435749.78015817,40177.8690593792
(2025 YS9),False,0.0152389476,0.0340753228,.9680379479201969,.2933417196462638,13.97274880540254,347.8860389729867,ATE,8789038.11865553,39930.2140372402
(2025 YC10),False,0.1426116408,0.3188893232,2.572061820116713,.5849575782907183,6.481370229921322,1506.678291756065,AMO,21501777.880737536,24592.9828169922
(2025 YJ10),False,0.0197403558,0.0441407775,1.376942233438718,.2129058396455526,3.819143125130756,590.163040647622,AMO,15409729.880676487,8598.8643384232
(2025 YV10),True,0.1499529371,0.3353049608,1.720993083397947,.6940961628535277,14.77031535247224,824.6451597849947,APO,15107759.98281542,97565.6517027671
(2026 AA),False,0.0677259299,0.151439783,1.413347647374782,.3508875487320373,23.60432225596914,613.7223330868446,APO,5599728.366192001,55514.8062903071
(2017 FQ257),False,0.122448925,0.27380412,1.484262454045612,.2115062373414485,4.920620992188121,660.4873122349741,AMO,23704992.972665105,9557.7772232734
(2025 YY10),False,0.0220371271,0.0492765142,1.466421867551991,.3418915622573897,9.014184692895594,648.6147479871073,APO,7360560.849878635,31025.2331675968
(2026 AB),False,0.0078443141,0.0175404196,2.374045376523215,.5909465262908691,5.641273900829558,1336.07842267258,APO,232514492.62281844,16145.5366717419
(2026 AC),False,0.0469845397,0.1050606247,1.031757211100728,.2464390192029675,9.868185776075922,382.7936247848446,APO,16688214.86466913,40949.0221314686
(2026 AD),False,0.0417402433,0.0933340215,.9240219538086415,.1749943577121576,16.32427580311557,324.4306386481247,ATE,27312083.888849135,32459.9275457706
(2026 AE),False,0.0236240839,0.0528250575,1.117160627480359,.4637493154400418,13.71364643618118,431.2924531268705,APO,8430499.970382866,64663.1532563742
(2026 AF),False,0.0292519604,0.0654093719,1.877038591530996,.4876116562562841,10.17367104776683,939.3084504134627,APO,4035058.049274964,36324.7509121441
(2026 AG),False,0.0202934075,0.0453774387,1.27012119163341,.3325974996373259,6.05306672332502,522.836826750823,APO,4118444.799600184,32871.053678657
(2026 AH),False,0.0180200079,0.0402939626,1.488121319345908,.3778201761970652,5.353578152222722,663.0647412759778,APO,29284494.18093483,49006.4692251866
(2026 AJ),False,0.0095050625,0.0212539659,1.56571011025858,.4223013729882049,2.974493094408346,715.5919737978206,APO,12575719.288122892,43329.1415149714
(2026 AK),False,0.0476381598,0.1065221636,1.600910345621052,.5310040643225137,1.862339955786768,739.8589702053199,APO,27124145.790183853,71240.8662671969
(2026 AL),False,0.0263484442,0.0589169124,.9492690612317871,.1429938509692785,5.909946159213466,337.8177123394354,ATE,15263589.636326224,16096.6285951021
(2025 YP11),False,0.0286388106,0.0640383272,1.685586993036716,.3866874512971717,6.124219829313505,799.3282900062428,AMO,8908086.158829222,20838.0620855865
(2026 AM),False,0.0263848711,0.0589983653,2.346619512908296,.635028475632807,6.604193610411395,1312.993098619089,APO,2431916.755154265,50182.568868461
(2026 AN),False,0.0221796647,0.049595238,1.272262478537686,.3688845699746974,2.386165853073996,524.1595533328668,APO,13431091.410388658,46001.3684234116
(2026 AO),False,0.0318826915,0.0712918654,2.034985182964519,.5330962759254576,7.9751311990778,1060.328180779422,APO,1593978.31986469,34935.9589383162
(2026 AP),False,0.2136756219,0.4777932157,2.428933841556201,.7392091299523212,35.72339671817667,1382.680874299196,APO,,
(2026 AQ),False,0.0446020661,0.0997332516,1.882705425583923,.3810533447313996,5.772197615045934,943.565358571188,AMO,28197513.439552106,13943.8445210101
(2026 AS),False,0.0359215424,0.0803230107,1.500419173625009,.2073496341556533,22.94708030994647,671.3010628887464,AMO,,
(2026 AT),False,0.0316486345,0.0707684981,2.414106383157578,.5812841446387793,6.7979048536178,1370.039325928084,APO,11034877.099456899,34760.8615159618
(2026 AU),False,0.0063878539,0.0142836756,1.292316636092251,.3987657887603158,2.119786475919669,536.6014346640958,APO,25140784.47026076,58250.142873369
(2026 AV),False,0.0111674747,0.0249712325,1.207986290393673,.1762288775612863,8.447811258518065,484.9438265569828,APO,11573529.018758958,18835.0631011904
(2026 AW),False,0.0097848681,0.0218796303,.8015150986843722,.2502734439859601,21.58141898925138,262.0993770152596,ATE,14844147.726811703,42628.6251219942
(2026 AX),False,0.0109485089,0.0244816102,.9027367066539622,.1138557602389252,4.75460110218163,313.2853449833837,ATE,25975274.30065216,27407.3110674431
(2026 AY),False,0.0301269368,0.0673658787,2.150951913510369,.607796350302004,14.33752810101027,1152.244062907931,APO,3971355.117408178,54770.3905417175
(2026 AZ),False,0.0289837768,0.0648096952,1.164064689563331,.1154329878822792,27.54188281491635,458.7373488408872,AMO,18092894.31372344,53438.626137055
(2026 AA1),False,0.0307719471,0.0688081654,2.75049021877539,.6460147625908226,13.84567185551651,1666.148030781704,APO,154233837.7999794,20216.6511647388
(2026 AB1),False,0.0409972736,0.0916726907,1.30592764107588,.2541782669659281,22.55978678133799,545.1011498671071,APO,14966527.236751359,51275.2547414243
(2026 AC1),False,0.0499982699,0.1117995303,2.130114258601971,.6267214359227438,10.18761232727337,1135.540886373054,APO,2191924.581643783,58379.7597887524
(2026 AD1),False,0.0295090329,0.0659842035,1.295364017597757,.1862098007699652,45.09085322313516,538.5005740033355,AMO,11924115.441849643,85314.1206172104
(2026 AE1),False,0.0560989815,0.1254411361,1.154691792255863,.3173064082880671,30.54883342825722,453.2079766791168,APO,27550699.56747839,75195.7502784548
(2026 AF1),False,0.04162507,0.093076486,1.420873020964434,.1697323352023275,23.55996491269173,618.6305014959154,AMO,29610744.486287314,44105.9831655808
(2026 AG1),False,0.0113176166,0.02530696,1.122311660983438,.3679484132923435,5.974502319719009,434.2788107438448,APO,10583441.620992273,48637.4331878226
(2026 AH1),False,0.0587428451,0.1313529947,1.198672280706618,.1577891599801016,9.554942800501831,479.3460141117627,APO,14246803.70117787,26550.9171790914
(2026 AJ1),False,0.0112293593,0.0251096107,1.571421626206037,.3245651644030824,2.178312069053805,719.5111284378859,AMO,11452800.261475606,11809.6688996595
(2026 AK1),False,0.0280643493,0.0627537927,1.978822286850577,.4655983510143498,8.9377965167543,1016.736972399009,AMO,12477596.489372045,26570.8425350914
(2026 AL1),False,0.0665510599,0.148812694,1.769306591624663,.390807257731864,13.80639034213504,859.6131887739894,AMO,19785552.57968622,29772.3180319872
(2026 AM1),False,0.0669198527,0.1496373398,1.354609241982039,.289612597702461,13.56246447363323,575.8634016762162,APO,27350944.733061805,31030.2141731776
(2026 AN1),False,0.0471796784,0.1054969682,2.551091971269459,.5870765441478255,5.033631468978901,1488.290127203819,AMO,16727610.35670939,23582.4621679614
(2026 AO1),False,0.1839733754,0.4113769735,2.834280038038061,.5787845918007078,9.257322441384392,1742.860246040878,AMO,,
(2025 YU11),False,0.0076164918,0.0170309933,1.030610306023515,.0825596721115105,.9615059732813139,382.1555300109187,APO,,
(2026 AP1),False,0.1555804333,0.3478884248,2.210372342702974,.7481141155995881,5.642629589557596,1200.318731801056,APO,10481706.826549636,84408.4182161412
(2026 AQ1),False,0.1031228665,0.2305897395,2.638371416601518,.6476608129628122,9.582344160206455,1565.317089850308,APO,150598344.172358,16193.5192278121
(2026 AR1),False,0.0158618916,0.0354682678,1.926046430932298,.6224974199456956,4.009860418780157,976.3343191119654,APO,1129966.552383413,60806.8022001102
(2026 AS1),False,0.0144728805,0.0323623447,1.51406307187201,.3799972749128334,1.228850874589425,680.4784521845116,APO,10187068.600618973,38512.1849358823
(2025 YQ12),False,0.0226024219,0.0505405517,1.092984406860138,.1431781029157528,1.752863324381703,417.3682189078449,APO,26372707.28177356,12738.7236738994
(2025 YR12),False,0.076270216,0.1705453877,1.946378124793801,.5909264742134384,6.427895378483747,991.8345880606375,APO,12865487.83410889,55109.5562179573
(2025 YS12),False,0.1373266977,0.3070718311,1.915251585180072,.3725856731287879,36.89267903122082,968.1377899712642,AMO,,
(2026 AT1),False,0.0450354987,0.1007024366,1.870299883488449,.4103973146465676,10.82751561079418,934.2547123168189,AMO,25203757.55899918,26874.2075246258
(2026 AU1),False,0.0170276603,0.0380750059,2.149982996847621,.6731554879416658,10.36748328326392,1151.465591713941,APO,13384064.945959482,65420.7296912896
(2026 AV1),False,0.014857816,0.0332230866,1.487192504634976,.4041400357080306,32.62036013074122,662.4440578313444,APO,5865112.384569063,71413.650005864
(2026 AW1),False,0.0030588274,0.0068397461,1.335958705633249,.3174403400838252,.2171904149893384,564.0115249301135,APO,25415795.03677339,43111.1644846506
(2026 AX1),False,0.0252321918,0.056420896,.9717769846722959,.2984146547563936,24.07939671572003,349.9035434351718,ATE,15676618.000917891,48960.9577539162
(2026 AY1),False,0.0084130792,0.018812217,.9616050189844473,.1055647076991011,8.856447532755613,344.4240815592081,ATE,13643684.599370556,21434.9982670142
(2026 AZ1),False,0.1309046207,0.2927116304,1.671965878457259,.6427988224514509,10.14003357736826,789.6589136010086,APO,12361936.825994067,72671.3682579814
(2026 AA2),False,0.0327457526,0.0732217288,1.483231972468272,.372740343171507,2.515555202445801,659.7995950546565,APO,5846108.98210275,23148.7322692445
(2026 AB2),False,0.0126518775,0.028290458,1.528049493364278,.5104026791814489,25.57426828398629,689.9292518547595,APO,3233899.865981885,68785.6331399983
(2026 AC2),False,0.0217047594,0.0485333175,1.456450527456931,.3311001018670313,12.19749368466059,642.0103545920631,APO,5997537.915071763,33078.3199590344
(2026 AD2),False,0.0150714479,0.033700782,.9487645552754629,.1576168359431296,.8168027209363875,337.5484392613492,ATE,19633291.299128316,31924.4014932675
(2026 AE2),False,0.108881721,0.2434669296,1.706312945827256,.6893018740817671,36.10473524977207,814.1163101359974,APO,6950098.896585966,101779.603392393
(2026 AF2),False,0.0117153421,0.0261963014,.8611936391223702,.2276558797709493,12.79213855646004,291.9104530705333,ATE,27019389.20852594,45742.4144410126
(2026 AG2),False,0.0257724067,0.0576288534,.9236912290120771,.3789861390856681,2.684490266843265,324.2564745143197,ATE,1793375.764969842,41412.6910973243
(2026 AJ2),False,0.0200980988,0.0449407151,1.333295189300349,.2473338887820922,19.8737683254761,562.3256514581011,APO,6071356.954103689,41287.2140139347
(2026 AK2),False,0.0526205007,0.1176630167,2.196835316975888,.6261701425626989,10.00816444084311,1189.308929292968,APO,9125719.00085568,50139.1496371669
(2026 AL2),False,0.0172804472,0.0386402546,1.963857867822368,.6074336793374805,6.076978171499483,1005.225521603264,APO,19028953.752589427,49749.5148040368
(2026 AM2),False,0.006835259,0.0152841038,1.724171344913974,.4621648067293468,10.81839044681541,826.9305969170257,APO,547810.510340477,37851.9757165163
(2026 AQ2),False,0.0149814889,0.0334996276,1.380345100601154,.313995450313195,14.03063056157639,592.3521157894652,APO,2298218.027099569,36001.9289615353
(2026 AR2),False,0.0847139586,0.1894261702,1.369009127445481,.1862718014536928,32.67923065676792,585.070151608933,AMO,,
(2026 AS2),False,0.0390440605,0.0873051733,1.284518527161467,.3654966635634743,16.30027530311019,531.7518210414191,APO,27896934.562525447,58293.1967665626
(2026 AT2),False,0.0089403594,0.0199912513,1.197652802517675,.3768340233840035,6.888914698614313,478.7346140328547,APO,4800004.43751776,38449.4063343822
(2026 AW2),False,0.0355103519,0.0794035608,.9922556656722936,.06814363273799937,23.00646808731124,361.0221164737556,ATE,29688785.910240203,51571.2111633198
(2026 AX2),False,0.0517553174,0.115728408,1.726058574961147,.6001595172224495,5.535440793069116,828.2886712572918,APO,1566815.011820505,60308.6971536817
(2026 AY2),False,0.0584998802,0.1308097088,1.847469415290281,.6345021319825134,24.16821549516164,917.2005637517852,APO,9955312.777197933,74698.1283230266
(2026 AZ2),False,0.0098754064,0.02208208,1.263284572587426,.5283563702642052,13.81591882736136,518.621140182733,APO,2602940.750165441,66435.261245105
(2026 AA3),False,0.0235914686,0.0527521274,1.457359514358443,.7571694615303245,6.025329248148364,642.6114770164263,APO,1639219.498273072,94049.3303240814
(2026 AB3),False,0.027641078,0.0618073294,1.859700655691181,.6516074721303721,6.123018322538604,926.3241640014336,APO,2846319.669854853,67751.3944155892
(2026 AC3),False,0.0314307668,0.0702813312,1.452988245031014,.3399361158117869,4.654872179167039,639.7224296919776,APO,12581350.10707033,18942.1796649943
(2026 AD3),False,0.0081875691,0.018307961,1.395452670467358,.3495351627489489,.8270224866090827,602.1034193145778,APO,7825973.691171184,32532.9277155391
(2026 AE3),False,0.0260228571,0.0581888774,2.544782833710549,.5874399425497759,1.314475193480168,1482.772478687548,AMO,14060787.261951674,27904.6547824134
(2025 YN13),False,0.0546959257,0.1223038079,1.814439096359215,.3729684714665106,6.658125370648648,892.7133299513188,AMO,29652455.57383773,14648.4960130575
(2026 AG3),False,0.0151410145,0.0338563378,2.804315518562839,.6477111686176177,10.73404236342105,1715.294676691253,APO,275722017.22615033,32663.4781385301
(2026 AH3),False,0.016404197,0.0366808996,1.088049220836492,.190623609714528,.8810437823205205,414.5445790503741,APO,27523497.902540334,13244.5483217936
(2026 AJ3),False,0.0179702855,0.0401827799,1.287846187680077,.3546567491344251,4.968158925901515,533.8194849335808,APO,4764939.265261666,22671.3942599162
(2026 AS3),False,0.0320003683,0.0715549988,1.943096710991683,.6895644829161522,9.851173046132384,989.3274332078804,APO,5136174.846906108,72596.0697050509
(2026 AT3),False,0.0392062204,0.0876677739,1.396365168727363,.5969102930149451,9.328567735886837,602.694096599765,APO,25761079.48695447,85220.7604742257
(2026 AU3),False,0.0084831076,0.0189688053,1.669353398915864,.3901787962971671,.379539410392955,787.8088504064178,AMO,5261948.986832442,16348.5767997831
(2026 AV3),False,0.0287842539,0.0643635484,1.089820307243165,.1450924613591655,6.950297809025545,415.5571614052463,APO,10146459.346260466,14690.0289434806
(2026 AW3),False,0.0502521881,0.1123673086,2.342252548615186,.5477429275334695,10.21450698383772,1309.329663497137,AMO,20849818.53008602,29114.9722432236
(2026 AX3),False,0.0083206064,0.0186054414,1.325075381451811,.2418297271361596,10.13293325890998,557.1335407910934,APO,5344293.159682058,23484.870868864
(2026 AY3),False,0.0427912503,0.0956841446,2.003651117527288,.5232460325709853,2.928540521254167,1035.932793491213,APO,7490006.959282841,29491.378795878
(2026 AZ3),False,0.1040291324,0.2326162117,1.400259095308048,.6624026213208487,26.99288167510982,605.2168771402925,APO,,
(2026 AA4),False,0.0455360103,0.1018216144,2.046026490275226,.393477229578312,9.67610724393615,1068.96947857156,AMO,,
(2026 AB4),False,0.0325053597,0.072684194,1.49756140648737,.3954158766811792,4.529982993102752,669.3840902368705,APO,12043958.01127069,25465.7152901815
(2026 AC4),False,0.0153657929,0.0343589575,1.016660601706769,.03921385534554674,.07726684899798036,374.4229128722373,APO,29599964.807850216,26412.9521251733
(2026 AD4),False,0.0555590712,0.1242338599,2.574725356174539,.556871152317945,6.180191165302356,1509.019291514084,AMO,,
(2026 AF4),True,0.1623136248,0.3629442988,1.474297687616946,.3598270090106392,7.293635031102337,653.8471023437521,APO,22165269.117836084,33534.6559034476
(2026 AE4),False,0.0037013059,0.0082763715,1.6752928074187,.4399345394462584,2.587568916366888,792.0170169575829,APO,1259962.6284371,28017.4481213822
(2026 AG4),False,0.0269373567,0.0602337606,1.338931258759253,.3504233086951716,24.87419092471589,565.8949886176256,APO,21250388.862777267,50852.165308281
(2026 AH4),True,0.2151567505,0.48110512,1.341965766491996,.6728031215923778,31.09932007250962,567.819865602602,APO,11994508.555020485,102915.1797287533
(2026 AJ4),False,0.0438889283,0.0981386272,1.939350665281735,.4827581099369347,11.76103973112662,986.4678645220333,APO,4584916.075742557,32393.8007464699
(2026 AK4),False,0.0409595311,0.0915882959,1.9896174177196,.5158584188183979,9.817059679935809,1025.068264451874,APO,16428937.760460781,46255.7841794575
(2026 AL4),False,0.014553082,0.0325416806,1.35896927334036,.243955122428702,5.693296188458493,578.6459034524316,AMO,10487393.550221095,13623.2683008124
(2026 AM4),False,0.023342909,0.0521963313,1.17809088354484,.1534877933641633,2.749111315719399,467.0534880265756,APO,13642477.135122638,17961.9060888675
(2026 AN4),False,0.0028863898,0.0064541637,1.255320427856621,.2194798432308322,8.460991317392477,513.7245508563099,APO,8837943.741768925,23640.453998374
(2026 AO4),False,0.0238646449,0.0533629683,.7921511425475735,.3686994663937602,24.83358723617017,257.5197287840643,ATE,13238096.33524547,75127.639210861
(2026 AP4),False,0.0652161229,0.1458276841,1.124239052962608,.4087333058655274,6.178683108341952,435.3979982041317,APO,8385799.348917942,37084.038772153
(2026 AQ4),False,0.0459361905,0.1027164447,2.215392288328405,.6602306146933319,8.332919215103265,1204.410093118365,APO,9801963.11229663,68849.4147181034
(2026 AR4),False,0.0048882676,0.0109304987,2.612849423115109,.7157074390061527,6.713361691274972,1542.659224290416,APO,392871.472788932,65089.05044251
(2026 AT4),False,0.0116079352,0.0259561323,1.032796512628682,.02417703424768325,11.80380243876052,383.3721593927828,APO,21898747.647014264,25570.5224268173
(2026 AV4),False,0.0079681037,0.0178172215,1.631242394652323,.464366973958878,4.059734075694848,760.9851407641551,APO,2774779.081181962,39657.7285361431
(2026 AW4),False,0.02598693,0.058108542,2.144085364772335,.6453125414440535,1.734972626589571,1146.730953417988,APO,6268753.108823555,62886.5398344737
(2026 AX4),False,0.1213821922,0.2714188329,1.479433268480517,.4806504442921707,11.82609587442398,657.2665004952538,APO,,
(2026 AB5),False,0.1242667604,0.2778689236,2.590594329639815,.7240079705031284,10.79598772968198,1522.991721883314,APO,28882977.04332435,79495.8347956244
(2026 AC5),False,0.0353960644,0.0791480061,1.799737824940981,.608474971262874,4.336018299981887,881.8856854449461,APO,15430259.405813606,51447.3492077989
(2026 AD5),False,0.0266535448,0.059599138,1.773534258830877,.4034742564156059,8.443157696881718,862.6960308464736,AMO,13218287.812002603,23874.8903880173
(2026 AE5),False,0.1877392059,0.4197976265,2.543180160255701,.500882976045541,25.67823295318023,1481.371950990212,AMO,,
(2026 AF5),False,0.0924176618,0.2066521741,.8727018531984532,.2984557902363606,5.442691365836922,297.7811989472983,ATE,21215990.37342883,60262.7539819273
(2026 AG5),False,0.0074431192,0.0166433206,.8993754527571399,.2041316418187893,9.725792635482605,311.5372426505842,ATE,2306683.830402017,24991.7847923391
(2026 AH5),False,0.0134138973,0.0299943862,1.940090116059915,.6403147331795435,8.658241576924537,987.0321105638506,APO,3419986.541408047,63576.5032733717
(2026 AK5),False,0.1418910415,0.3172780143,2.647919980312598,.5125967170132745,11.47298604020814,1573.822362277877,AMO,226199660.84183088,15602.5440695334
(2026 AL5),False,0.0953575264,0.2132259111,1.467535421809508,.2132835102589938,2.092892512815899,649.353694428316,AMO,12896330.501765724,20918.484403992
(2026 AM5),False,0.0201258845,0.0450028459,1.355955655439115,.2059911408513213,21.69928611042895,576.7221838721792,AMO,14268227.91133631,42077.2634949726
(2026 AO5),False,0.0143600177,0.0321099758,2.376501888393387,.5821629719023267,1.159290035311758,1338.152693082236,APO,8320560.331162209,32695.9753767984
(2026 BA),False,0.0168560176,0.0376912012,1.107475799444775,.1695643132125821,11.36512367196154,425.6962202183562,APO,26830163.999706753,23205.6059087954
(2026 BB),False,0.002971358,0.0066441584,.8784713117274933,.2637432627294595,3.898876012150578,300.7390349740289,ATE,22726657.519812223,44308.5432902604
(2026 BC),False,0.0142677331,0.0319036211,2.681788138191946,.6406824846018379,5.980231037047234,1604.113615795199,APO,8614357.607626455,39942.4199108548
(2025 YU15),False,0.0973094407,0.2175905244,2.026005828965856,.5461164439595083,4.469556418204365,1053.317895250784,APO,13943990.475244252,59723.2525203187
(2026 AP5),False,0.0074123339,0.0165744826,1.90020416712228,.463088248269759,9.075701031929151,956.7507825324402,AMO,5876580.407685393,26887.8618582547
(2026 AQ5),False,0.0386149055,0.0863455537,1.112807541048661,.08711670513578657,31.49400355028139,428.7740732450513,APO,16021151.858746033,58368.2587958866
(2026 AT6),True,0.2703678059,0.6045607929,1.686155618208106,.3805556781550132,17.25693800686476,799.732798807663,AMO,7481891.364594063,38005.1650396238
(2026 AU6),False,0.043048198,0.096258697,2.736344886030695,.5749485086582993,2.632637685111153,1653.311469748315,AMO,,
(2026 AV6),False,0.0566441386,0.1266601444,1.481524505372747,.3188754542929104,9.104824502732459,658.6606007863961,APO,21854101.494133808,18032.3704795725
(2026 BD),False,0.010321789,0.0230802218,1.207601578687115,.2030537733190551,29.82148141004611,484.7121823149454,APO,14598838.097012073,62290.276721244
(2026 BE),False,0.0162987755,0.0364451699,1.565769894027149,.4158097594869138,26.99239576209834,715.6329595394132,APO,634584.365879515,62550.9499572936
(2026 BF),False,0.0218552096,0.0488697344,1.752855407017606,.4563977089833917,10.17465535508387,847.6519507520993,APO,4637437.090419388,33545.7014891883
(2026 BG),False,0.0095269739,0.0213029613,1.673917841492387,.404910590744655,2.333944350381901,791.0421668306287,APO,2178006.90836599,19393.2262031747
(2026 BH),False,0.014857816,0.0332230866,1.3521921566646,.2046195368578878,5.249254843158576,574.3227840936006,AMO,13931516.735567486,11098.9782837625
(2026 BJ),False,0.0188085353,0.0420571635,1.353603614673731,.1993895505906509,7.095568216235761,575.2222612794103,AMO,18100205.92457948,13753.5766601563
(2026 BK),False,0.014620256,0.0326918862,1.181353830465025,.1454302452965934,2.952221721977375,468.9952212664722,APO,27049690.541330393,24167.6926566155
(2026 BL),False,0.0029878238,0.006680977,1.063753917544469,.08150909760548782,6.815076886177082,400.7376855638805,APO,1906118.105325162,14143.7544751834
(2026 BM),False,0.0124667995,0.0278766113,1.698749072829833,.4769272389747986,6.024352556877934,808.7089992415407,APO,3891968.659006119,39067.9436397395
(2026 BN),False,0.0051446398,0.0115037644,1.944749788593637,.4854634116391661,11.69757309859733,990.590198048421,APO,2628944.285762664,32568.0383539842
(2026 BO),False,0.0155580433,0.0347888425,2.533391608126274,.5627408615031291,1.687184692907113,1472.827614486046,AMO,18911413.673905123,19279.9729291242
(2026 BP),False,0.0151061912,0.0337784704,1.112916895536582,.3910693685475851,5.217780579035709,428.8372775989718,APO,24558079.852828536,62329.4546378836
(2026 BQ),False,0.0292115752,0.0653190679,1.58273395159514,.3959156943791882,5.275211123516388,727.2945024424361,APO,11301334.946304608,29894.4614725752
(2026 BR),False,0.0094657488,0.0211660578,1.646299747360642,.3610147485706346,3.344590900080893,771.5459469391506,AMO,10251033.343718046,15165.3680288567
(2026 BS),False,0.00466611,0.0104337392,1.724867299380219,.4206574409100868,8.730403795237462,827.4313279915223,APO,2340837.577635136,26104.3558226932
(2026 BT),False,0.004854617,0.0108552537,1.006174327565815,.1686705587932479,6.738491184917554,368.644938235437,APO,24911156.302545797,39109.4039362385
(2026 BU),False,0.0062309602,0.0139328506,1.980832758783542,.5212202118247243,8.918740921839792,1018.286864177354,APO,1089191.543584946,38538.3050262382
(2025 YW15),False,0.0354449997,0.0792574287,2.431696882601277,.5349741769966233,4.786578165698417,1385.040854353831,AMO,,
(2026 AA7),False,0.0115705759,0.0258725943,1.653812551155059,.3773035560812983,3.287895989018926,776.8333327410488,AMO,8009949.809927812,17678.5905416524
(2026 BV),False,0.0065789256,0.0147109249,1.981157660710607,.521300674731826,8.919778115029454,1018.537407992153,APO,1089283.082521599,38543.1365870338
(2026 BW),False,0.0050857496,0.0113720819,1.632058911719538,.4038897549036385,7.858604147416365,761.5565780065879,APO,1120693.623692954,27146.9727928356
(2026 BX),False,0.0211716632,0.0473412781,1.456939754035272,.3042046355751564,8.266014825511805,642.333861876537,APO,5097401.352889732,21518.1340935346
(2026 BY),False,0.0083397873,0.0186483314,1.494075257654391,.3447410461670707,3.639704495997756,667.0480785486782,APO,1964165.923550421,20068.9828756016
(2026 BF1),False,0.0089280163,0.0199636514,1.138901487824688,.1320430059271689,5.139008707514196,443.9434649112534,APO,5599447.795386816,15248.2554984188
(2026 BG1),False,0.02411876,0.053931187,2.106289734155984,.6321030637832304,15.846402964155,1116.543360672757,APO,7406537.930129121,67744.9379376997
(2026 BH1),False,0.008672713,0.0193927759,2.048941520259473,.5155836521573086,7.922827085222532,1071.254777215643,APO,3408249.107487634,30345.4022942672
(2026 BJ1),False,0.0522823351,0.1169068554,1.323853125163832,.5047862722004516,25.86530865406585,556.3628643503962,APO,4934978.337816336,75087.8583867371
(2026 BK1),False,0.0870873302,0.1947331902,1.09997631864258,.4944254323762681,28.2663854854157,421.3795256287344,APO,10064091.821183342,88172.3670588965
(2026 BL1),False,0.0758848319,0.1696836427,1.699791376835218,.7549308480382982,4.419690749741199,809.4534145828493,APO,8327338.984646584,67876.7685199103
(2026 BM1),False,0.3938718806,0.8807242993,1.589952433725178,.4491370240509304,25.45753426998523,732.275703281428,APO,,
(2026 BN1),False,0.0329120532,0.0735935883,1.084639688454043,.3475794325922668,.9944703714575527,412.5975688049963,APO,11322161.213776657,31285.4190712052
(2026 BO1),False,0.128278826,0.286840175,1.020219797965357,.6086149872328941,24.87089899234148,376.3908414550774,APO,8680536.907834286,95367.8397617021
(2026 BP1),False,0.0142545981,0.0318742503,1.054858934902247,.1549272753748462,25.07384350482857,395.7218270752233,APO,9030814.86011703,47500.674420281
(2026 BU1),False,0.0448492285,0.1002859236,1.015066309741567,.139241782538493,29.48344345303581,373.5425226695953,APO,12783768.367004607,59103.5197741679
(2026 BX1),False,0.0350231316,0.0783141032,.9864105699093727,.4288045005488051,5.353793589960139,357.8368011385278,ATE,22089031.649718165,63803.266671024
(2026 BY1),False,0.0143072108,0.031991896,1.269757330795366,.327640943092359,1.878185743183884,522.6121715505589,APO,3834064.709052439,28797.2179434222
(2026 BZ1),False,0.0804553589,0.1799036517,1.373334447093565,.3637860424907829,30.95339587658038,587.845092798318,APO,25152631.73893733,76693.808060402
(2026 BA2),False,0.0288904946,0.0646011098,2.187419345679737,.6405853597317496,6.955199722030488,1181.670789249166,APO,12025967.26670598,52413.1096428436
(2026 BB2),False,0.021804944,0.0487573371,2.551117744008928,.5842538616046605,4.136927585644711,1488.312680728552,AMO,13644259.698462198,23850.2378447375
(2026 BC2),False,0.0819511357,0.1832483103,1.062825068855538,.09740704181541733,14.54806019704121,400.2129259351464,APO,20488765.417221848,31343.5720047775
(2026 BD2),False,0.0668890421,0.1495684451,1.358966871332737,.1202025346095621,20.98155399751069,578.6443692993596,AMO,,
(2026 BE2),False,0.0293058941,0.0655299715,1.356937721863824,.1952278997599564,12.70973534375327,577.3488437819934,AMO,19424866.849271197,25071.5543135166
(2026 BF2),False,0.0174805453,0.0390876876,1.41501895782211,.350394589022653,16.42010696948524,614.8112623280589,APO,4625315.997801573,42534.3612925714
(2026 BG2),False,0.0172248313,0.0385158936,1.414233606262838,.2921236682326936,7.276288717724376,614.2994925257949,APO,8830484.552614132,21853.156390063
(2026 BH2),False,0.013000348,0.0290696618,1.400907148790179,.3309904421970344,6.851481815725894,605.6370761046913,APO,12810997.183956064,28274.9572835884
(2026 BJ2),False,0.0032535312,0.0072751169,2.707164664756864,.6798675974629707,.9707222365925987,1626.935876084249,APO,117655636.99512406,18455.5213404214
(2026 BK2),True,0.1575269907,0.3522410595,2.112833789449587,.5296981973328427,6.330772020815806,1121.750901997542,APO,289591047.23061454,9984.086181762
(2026 BL2),False,0.0212987922,0.0476255472,1.32724938041397,.2153379150539258,16.91261657014974,558.505203583866,AMO,9219979.332200998,33852.5345079376
(2026 BM2),False,0.0052814719,0.0118097303,1.64753995034678,.4182642843108703,9.870940054702528,772.4179513624615,APO,1683372.980488258,32631.2608926932
(2026 BN2),False,0.0325203324,0.072717674,1.010093307654324,.1818153593882389,23.77510722850391,370.8008042492849,APO,17783663.982437667,53442.77304415
(2026 BO2),False,0.0048189784,0.0107755632,1.701951730744466,.4081208235208514,2.37794461530458,810.9970699265706,APO,26227699.612977494,37307.0699313145
(2026 BU2),False,0.0259510525,0.0580283175,1.499102460984162,.3901986152924929,4.70588290766474,670.4175931284647,APO,6224827.673601397,33766.3012125214
(2026 AG9),False,0.1982234254,0.4432410538,2.557232241602491,.494759576599161,25.69002199077968,1493.66664862428,AMO,,
(2026 AG10),False,0.3680908116,0.8230760767,2.666335749526353,.5898941958446594,19.25054998754928,1590.26931936478,AMO,,
(2026 BV2),False,0.0640847916,0.1432979504,1.507223482763882,.3297542544536495,27.95554865953405,675.8727000039249,APO,17392521.157915946,59632.8187631641
(2026 BW2),False,0.0196677635,0.0439784561,2.218800199014179,.7145297396029269,3.393194239779103,1207.190255436,APO,3172641.587707704,74939.7766406648
(2026 BX2),False,0.0175936106,0.0393405094,2.185929376076722,.5462735572401189,9.56942476885064,1180.463645058618,APO,4715195.520081598,34276.43587177
(2026 BY2),False,0.0214661904,0.0479998609,1.164026558914407,.2559110767150242,2.674548372180117,458.7148091018466,APO,25894104.590760343,44682.6647212762
(2026 BZ2),False,0.0304757903,0.0681459388,1.417396808039562,.1828791711912186,24.31368240937371,616.3616405937702,AMO,,
(2026 BA3),False,0.0179951295,0.0402383328,2.22543126759588,.5327109727708522,7.130832122307429,1212.605979174231,AMO,14117698.420600886,30531.0851869602
(2026 BB3),False,0.0071245096,0.0159308878,2.826286915385491,.6496437855433119,3.693143294754385,1735.492729916891,APO,2260749.894177239,31138.275864322
(2026 BC3),False,0.0071970576,0.01609311,2.217493492770688,.6104769768884313,1.230795408219699,1206.123996221019,APO,15748347.038027622,37139.5547591854
(2026 BD3),False,0.0031941476,0.0071423311,.9502753018706925,.0972430112286167,4.420295755635495,338.3549930595557,ATE,2331440.737028956,12184.3058632525
(2026 BE3),False,0.0633512191,0.1416576324,1.431588751778463,.4780867410271346,12.33323112939756,625.6419241014264,APO,,
(2026 BL3),False,0.0148989265,0.0333150124,1.818491395460337,.443535362829293,14.09634934137924,895.7056269926105,APO,4139133.646468852,34784.8977714089
(2026 BM3),False,0.0460208861,0.1029058297,3.178362490902856,.7251273159900304,6.947999813610741,2069.681735224201,APO,12545299.458845612,57896.5350574843
(2026 BN3),False,0.0452225426,0.1011206794,2.044563260670751,.5226888698408336,4.210376252527663,1067.82296254986,APO,14177740.124116866,34080.8300341391
(2026 BO3),False,0.046532349,0.1040494955,1.251488898440551,.4502361890660017,11.56736771801854,511.374336575652,APO,25707769.418312322,64838.4208658417
(2026 BP3),False,0.0312000275,0.0697653824,1.765766876500767,.5037713803057188,2.275877881495207,857.0348367985026,APO,6615200.772202607,41487.5776604684
(2026 BQ3),False,0.0244880936,0.0547570419,2.915538807462021,.6453418078036028,3.783320991069309,1818.346590742807,AMO,11485147.404991455,29713.0922219826
(2026 BR3),False,0.0349747788,0.0782059829,1.431494722091749,.3755360787064423,19.97466784873464,625.5802849455931,APO,,
(2026 BT3),False,0.0103789872,0.0232081209,2.364968619585631,.590154623458411,.6436177296579142,1328.423349907928,APO,2052460.650875027,30860.3348581316
(2026 BU3),False,0.094049172,0.2103003419,2.325272342078285,.6180969992259867,8.169932353000069,1295.117482218692,APO,19467298.355284177,54674.48208096
(2026 BV3),False,0.0048523819,0.0108502558,1.965571038707445,.5447480448547261,11.11612166071729,1006.541170747421,APO,27766488.376400504,63060.9273430592
(2026 AP11),False,0.0028983777,0.0064809695,1.984288218106695,.5090003016195683,4.998363459613,1020.952548270415,APO,300960.441353881,28201.2717679447
(2026 AR13),False,0.0576706673,0.1289555324,2.480498482344963,.589897476782955,6.206938761108624,1426.943821475732,AMO,11577787.845721053,27181.7380643931
(2026 BW3),False,0.0840533402,0.1879489824,1.593845219094829,.4493794223493192,9.079006911364171,734.9666670445064,APO,,
(2026 BX3),False,0.0696554298,0.1557542761,2.025117679353578,.5378552561626549,8.101423928556384,1052.625349355227,APO,19088503.338952255,29696.3681853586
(2026 BY3),False,0.0192466424,0.0430368007,1.564975232799401,.278955975635976,2.711272143963628,715.0882304505743,AMO,22646101.13126783,6798.8717678835
(2026 BZ3),False,0.107437273,0.2402370458,2.252649447253543,.4661983083195194,6.225869487638914,1234.92006270909,AMO,,
(2026 BA4),False,0.0671977879,0.1502588217,1.652396532632942,.4198515619765651,21.69781671982258,775.8358422224323,APO,25422010.02044339,53822.7317783488
(2026 BB4),False,0.013000348,0.0290696618,1.34790594810158,.3968622829235866,10.06344150379002,571.5941976689028,APO,29040026.652505215,32390.3245327316
(2026 BC4),False,0.0296998993,0.0664109937,1.80603936807075,.4165372722941939,31.64792414491186,886.5214459335937,AMO,14278759.421866866,65489.2494990325
(2026 BD4),False,0.0083821413,0.0187430377,1.092361735988408,.1970724070159024,2.863061814674867,417.0116090415209,APO,2329594.250519546,20888.1261570093
(2026 BE4),False,0.0372867883,0.0833757932,1.24923235340094,.1319607554162876,18.52693624781508,509.9918805618476,AMO,24679498.45076982,35911.0189623956
(2026 BK4),False,0.0224985732,0.050308339,1.656455430106702,.3754235013251662,7.371447751849369,778.6962069299909,AMO,7696708.505430956,21699.7768172242
(2026 BL4),False,0.016404197,0.0366808996,1.445310464872817,.3460402536996633,3.757395483671269,634.6585683491312,APO,2979124.326239494,21829.1903409342
(2026 BM4),False,0.0648268586,0.1449572625,1.940482915803029,.6489790522351139,7.209338862333805,987.3318844607904,APO,14604570.059079418,71780.076582377
(2026 AU13),False,0.8736851953,1.9536194876,5.520661981402354,.7821692313865631,4.286638496510318,4737.892061170269,AMO,,
(2026 BN4),False,0.0275394319,0.0615800417,1.80239147508981,.4816678448811417,1.126514821918108,883.8368683986801,APO,6300762.624906603,26786.6023472391
(2026 BQ4),False,0.0368429992,0.0823834507,.6834240927724029,.5199827275107267,12.84289013553276,206.3639605398868,ATE,16348537.88120798,62138.2929281474
(2025 YM19),False,0.0538958067,0.1205146874,1.728676398797982,.2619278179589373,6.421896284855539,830.1737194765808,AMO,5343138.982195434,29686.3724588968
(2026 AZ13),False,0.0093789663,0.0209720063,1.539306353705888,.3527120656670767,4.103354448208001,697.5671489585238,APO,2634773.531324871,18503.2315731048
(2026 AA14),False,0.8153704661,1.823223789,3.846688493928625,.9103552732573101,35.70175675546206,2755.681080355164,APO,,
(2026 BW4),False,0.0192200705,0.0429773842,2.292212476054272,.5824359343086976,2.751001287148162,1267.595634481081,APO,3304503.164160078,33218.9296631608
(2026 BX4),True,0.1729637038,0.3867585994,.8749218674182476,.1221989738413635,20.11031119845576,298.918183018823,IEO,19183103.586577784,38335.8865398829
(2026 BA5),False,0.0176992546,0.0395767364,1.117700754641744,.2149500919575465,28.47546380125108,431.6052741987353,APO,4673027.725193857,58329.6942316237
(2026 BG5),False,0.0433465939,0.0969259305,.9310169504523141,.5451187783001424,5.514639092373509,328.1215911154525,ATE,28970786.834193565,44882.286465834
(2026 BH5),False,0.0783709257,0.1752427173,2.264948805940816,.4763806868355959,2.751202405583972,1245.047762618579,AMO,,
(2026 BJ5),False,0.0057511537,0.0128599707,.9684832279870583,.08447299446390441,5.44631917724907,348.1260985665778,ATE,17410740.039232403,23925.7083767272
(2026 BK5),True,0.19415786,0.4341501734,1.627241554353854,.4397877117471703,6.90632327552372,758.1872312193667,APO,,
(2026 BL5),False,0.0380149984,0.0850041206,2.501201911188707,.5748391569906794,2.00439677166827,1444.845982372352,AMO,289685988.2921075,19067.6523275429
(2026 BM5),False,0.0029495447,0.0065953824,2.404932843658202,.6310696242504935,.6703751488472895,1362.237580259106,APO,13176071.816681148,53899.677087529
(2026 BN5),False,0.0058851153,0.0131595179,.7993319493945088,.2686571548205542,16.10395970061268,261.0292557134676,ATE,16008570.378683293,33054.2778113192
(2026 AK14),False,0.0034862215,0.0077954283,2.519079965105349,.6912754049518507,3.005134045740402,1460.364804396021,APO,133553.633080583,59209.4164477993
(2026 BV5),False,0.0343364172,0.0767785629,.8027584131876063,.3396205739543831,17.81959089181764,262.7094683875756,ATE,1908410.064371858,41963.0234629345
(2026 BW5),False,0.0036320764,0.0081215698,1.239316054558427,.252939268676226,4.494078981938626,503.9315396698287,APO,21350288.779505208,34025.1615592552
(2026 BX5),False,0.021347891,0.0477353354,1.635700279127097,.3774177239942836,15.1716825506277,764.1067189773876,AMO,6040634.368657103,34946.9918539836
(2026 BY5),False,0.0028193888,0.0063043451,2.353469675752091,.5803618123899675,7.602004094986073,1318.746551954551,APO,1097347.679296494,31723.7835795983
(2026 BZ5),False,0.001026018,0.002294246,.973958297264815,.02562454453497701,4.310432130611194,351.082328022719,ATE,22040725.345591564,21107.7048230208
(2026 BA6),False,0.0065849878,0.0147244804,1.962818755728465,.4933057214964019,1.306502386364192,1004.4278031201,APO,2547402.585807302,23928.1729772057
(2026 BB6),False,0.0166707438,0.0372769163,2.574757768240545,.7195548143976044,.7030291734016607,1509.047786157226,APO,1681251.02446103,66140.0300376353
(2026 BD6),False,0.0042087679,0.0094110911,.9972727165294893,.3381317448753581,22.05290912285106,363.763678941952,ATE,27006451.73041196,57841.1247850862
(2026 BE6),False,0.0025232192,0.0056420896,1.134972984412928,.3268778095352021,6.038469789031216,441.6484526413327,APO,14798427.132109333,27129.5124455457
(2026 BH6),False,0.0314452446,0.0703137044,1.249801037316688,.1655814429918153,12.61420668962872,510.3401630687383,AMO,12132698.779604487,25956.6902696236
(2026 BJ6),False,0.0101754817,0.0227530687,1.171617124967307,.396640752501837,8.096226235135919,463.2090045493822,APO,2174195.423914556,45199.5531368911
